<?xml version="1.0" encoding="UTF-8"?>
<sbml xmlns="http://www.sbml.org/sbml/level3/version2/core" level="3" version="2">
  <model name="PGM-ENO">
    <listOfUnitDefinitions>
      <unitDefinition metaid="METAID_U0" id="u0" name="ml">
        <listOfUnits>
          <unit kind="litre" exponent="1" scale="-3" multiplier="1"/>
        </listOfUnits>
      </unitDefinition>
      <unitDefinition metaid="METAID_U1" id="u1" name="mmole / l">
        <listOfUnits>
          <unit kind="litre" exponent="-1" scale="1" multiplier="1"/>
          <unit kind="mole" exponent="1" scale="-3" multiplier="1"/>
        </listOfUnits>
      </unitDefinition>
      <unitDefinition metaid="METAID_U2" id="u2" name="mg / ml">
        <listOfUnits>
          <unit kind="gram" exponent="1" scale="-3" multiplier="1"/>
          <unit kind="litre" exponent="-1" scale="-3" multiplier="1"/>
        </listOfUnits>
      </unitDefinition>
      <unitDefinition metaid="METAID_U3" id="u3" name="K">
        <listOfUnits>
          <unit kind="kelvin" exponent="1" scale="1" multiplier="1"/>
        </listOfUnits>
      </unitDefinition>
      <unitDefinition metaid="METAID_U4" id="u4" name="min">
        <listOfUnits>
          <unit kind="second" exponent="1" scale="1" multiplier="60"/>
        </listOfUnits>
      </unitDefinition>
    </listOfUnitDefinitions>
    <listOfCompartments>
      <compartment id="v0" name="NMRtube" spatialDimensions="3" size="1" units="u0" constant="true"/>
    </listOfCompartments>
    <listOfSpecies>
      <species metaid="METAID_P0" sboTerm="SBO:0000252" id="p0" name="Total lysate protein" compartment="v0" initialConcentration="0.1418" substanceUnits="u2" hasOnlySubstanceUnits="false" boundaryCondition="false" constant="true">
        <annotation>
          <enzymeml:protein xmlns:enzymeml="http://sbml.org/enzymeml/version2">
            <enzymeml:sequence>UNKNOWN</enzymeml:sequence>
            <enzymeml:organism>Saccharomyces cerevisiae</enzymeml:organism>
          </enzymeml:protein>
        </annotation>
      </species>
      <species metaid="METAID_S0" sboTerm="SBO:0000247" id="s0" name="3-phosphoglycerate" compartment="v0" initialConcentration="10" substanceUnits="u1" hasOnlySubstanceUnits="false" boundaryCondition="false" constant="false">
        <annotation>
          <enzymeml:reactant xmlns:enzymeml="http://sbml.org/enzymeml/version2">
            <enzymeml:smiles>C(C(C(=O)O)O)OP(=O)(O)O</enzymeml:smiles>
            <enzymeml:chebiID>CHEBI:132960</enzymeml:chebiID>
          </enzymeml:reactant>
        </annotation>
      </species>
      <species metaid="METAID_S1" sboTerm="SBO:0000247" id="s1" name="2-phosphoglycerate" compartment="v0" initialConcentration="0.0001" substanceUnits="u1" hasOnlySubstanceUnits="false" boundaryCondition="false" constant="false">
        <annotation>
          <enzymeml:reactant xmlns:enzymeml="http://sbml.org/enzymeml/version2">
            <enzymeml:smiles>C(C(C(=O)O)OP(=O)(O)O)O</enzymeml:smiles>
            <enzymeml:chebiID>CHEBI:88350</enzymeml:chebiID>
          </enzymeml:reactant>
        </annotation>
      </species>
      <species metaid="METAID_S2" sboTerm="SBO:0000247" id="s2" name="phosphoenolpyruvate" compartment="v0" initialConcentration="0.0001" substanceUnits="u1" hasOnlySubstanceUnits="false" boundaryCondition="false" constant="false">
        <annotation>
          <enzymeml:reactant xmlns:enzymeml="http://sbml.org/enzymeml/version2">
            <enzymeml:smiles>C=C(C(=O)O)OP(=O)(O)O</enzymeml:smiles>
            <enzymeml:chebiID>CHEBI:18021</enzymeml:chebiID>
          </enzymeml:reactant>
        </annotation>
      </species>
    </listOfSpecies>
    <listOfReactions>
      <annotation>
        <enzymeml:data xmlns:enzymeml="http://sbml.org/enzymeml/version2">
          <enzymeml:formats>
            <enzymeml:format id="format0">
              <enzymeml:column type="time" unit="u4" index="0"/>
              <enzymeml:column replica="p3ga" species="s0" type="conc" unit="u1" index="1" isCalculated="False"/>
              <enzymeml:column replica="p2ga" species="s1" type="conc" unit="u1" index="2" isCalculated="False"/>
              <enzymeml:column replica="PEP" species="s2" type="conc" unit="u1" index="3" isCalculated="False"/>
            </enzymeml:format>
            <enzymeml:format id="format1">
              <enzymeml:column type="time" unit="u4" index="0"/>
              <enzymeml:column replica="p3ga" species="s0" type="conc" unit="u1" index="1" isCalculated="False"/>
              <enzymeml:column replica="p2ga" species="s1" type="conc" unit="u1" index="2" isCalculated="False"/>
              <enzymeml:column replica="PEP" species="s2" type="conc" unit="u1" index="3" isCalculated="False"/>
            </enzymeml:format>
            <enzymeml:format id="format2">
              <enzymeml:column type="time" unit="u4" index="0"/>
              <enzymeml:column replica="p3ga" species="s0" type="conc" unit="u1" index="1" isCalculated="False"/>
              <enzymeml:column replica="p2ga" species="s1" type="conc" unit="u1" index="2" isCalculated="False"/>
              <enzymeml:column replica="PEP" species="s2" type="conc" unit="u1" index="3" isCalculated="False"/>
            </enzymeml:format>
            <enzymeml:format id="format3">
              <enzymeml:column type="time" unit="u4" index="0"/>
              <enzymeml:column replica="p3ga" species="s0" type="conc" unit="u1" index="1" isCalculated="False"/>
              <enzymeml:column replica="p2ga" species="s1" type="conc" unit="u1" index="2" isCalculated="False"/>
              <enzymeml:column replica="PEP" species="s2" type="conc" unit="u1" index="3" isCalculated="False"/>
            </enzymeml:format>
            <enzymeml:format id="format4">
              <enzymeml:column type="time" unit="u4" index="0"/>
              <enzymeml:column replica="p3ga" species="s0" type="conc" unit="u1" index="1" isCalculated="False"/>
              <enzymeml:column replica="p2ga" species="s1" type="conc" unit="u1" index="2" isCalculated="False"/>
              <enzymeml:column replica="PEP" species="s2" type="conc" unit="u1" index="3" isCalculated="False"/>
            </enzymeml:format>
            <enzymeml:format id="format5">
              <enzymeml:column type="time" unit="u4" index="0"/>
              <enzymeml:column replica="p3ga" species="s0" type="conc" unit="u1" index="1" isCalculated="False"/>
              <enzymeml:column replica="p2ga" species="s1" type="conc" unit="u1" index="2" isCalculated="False"/>
              <enzymeml:column replica="PEP" species="s2" type="conc" unit="u1" index="3" isCalculated="False"/>
            </enzymeml:format>
            <enzymeml:format id="format6">
              <enzymeml:column type="time" unit="u4" index="0"/>
              <enzymeml:column replica="p3ga" species="s0" type="conc" unit="u1" index="1" isCalculated="False"/>
              <enzymeml:column replica="p2ga" species="s1" type="conc" unit="u1" index="2" isCalculated="False"/>
              <enzymeml:column replica="PEP" species="s2" type="conc" unit="u1" index="3" isCalculated="False"/>
            </enzymeml:format>
            <enzymeml:format id="format7">
              <enzymeml:column type="time" unit="u4" index="0"/>
              <enzymeml:column replica="p3ga" species="s0" type="conc" unit="u1" index="1" isCalculated="False"/>
              <enzymeml:column replica="p2ga" species="s1" type="conc" unit="u1" index="2" isCalculated="False"/>
              <enzymeml:column replica="PEP" species="s2" type="conc" unit="u1" index="3" isCalculated="False"/>
            </enzymeml:format>
            <enzymeml:format id="format8">
              <enzymeml:column type="time" unit="u4" index="0"/>
              <enzymeml:column replica="p3ga" species="s0" type="conc" unit="u1" index="1" isCalculated="False"/>
              <enzymeml:column replica="p2ga" species="s1" type="conc" unit="u1" index="2" isCalculated="False"/>
              <enzymeml:column replica="PEP" species="s2" type="conc" unit="u1" index="3" isCalculated="False"/>
            </enzymeml:format>
            <enzymeml:format id="format9">
              <enzymeml:column type="time" unit="u4" index="0"/>
              <enzymeml:column replica="p3ga" species="s0" type="conc" unit="u1" index="1" isCalculated="False"/>
              <enzymeml:column replica="p2ga" species="s1" type="conc" unit="u1" index="2" isCalculated="False"/>
              <enzymeml:column replica="PEP" species="s2" type="conc" unit="u1" index="3" isCalculated="False"/>
            </enzymeml:format>
            <enzymeml:format id="format10">
              <enzymeml:column type="time" unit="u4" index="0"/>
              <enzymeml:column replica="p3ga" species="s0" type="conc" unit="u1" index="1" isCalculated="False"/>
              <enzymeml:column replica="p2ga" species="s1" type="conc" unit="u1" index="2" isCalculated="False"/>
              <enzymeml:column replica="PEP" species="s2" type="conc" unit="u1" index="3" isCalculated="False"/>
            </enzymeml:format>
            <enzymeml:format id="format11">
              <enzymeml:column type="time" unit="u4" index="0"/>
              <enzymeml:column replica="p3ga" species="s0" type="conc" unit="u1" index="1" isCalculated="False"/>
              <enzymeml:column replica="p2ga" species="s1" type="conc" unit="u1" index="2" isCalculated="False"/>
              <enzymeml:column replica="PEP" species="s2" type="conc" unit="u1" index="3" isCalculated="False"/>
            </enzymeml:format>
            <enzymeml:format id="format12">
              <enzymeml:column type="time" unit="u4" index="0"/>
              <enzymeml:column replica="p3ga" species="s0" type="conc" unit="u1" index="1" isCalculated="False"/>
              <enzymeml:column replica="p2ga" species="s1" type="conc" unit="u1" index="2" isCalculated="False"/>
              <enzymeml:column replica="PEP" species="s2" type="conc" unit="u1" index="3" isCalculated="False"/>
            </enzymeml:format>
            <enzymeml:format id="format13">
              <enzymeml:column type="time" unit="u4" index="0"/>
              <enzymeml:column replica="p3ga" species="s0" type="conc" unit="u1" index="1" isCalculated="False"/>
              <enzymeml:column replica="p2ga" species="s1" type="conc" unit="u1" index="2" isCalculated="False"/>
              <enzymeml:column replica="PEP" species="s2" type="conc" unit="u1" index="3" isCalculated="False"/>
            </enzymeml:format>
            <enzymeml:format id="format14">
              <enzymeml:column type="time" unit="u4" index="0"/>
              <enzymeml:column replica="p3ga" species="s0" type="conc" unit="u1" index="1" isCalculated="False"/>
              <enzymeml:column replica="p2ga" species="s1" type="conc" unit="u1" index="2" isCalculated="False"/>
              <enzymeml:column replica="PEP" species="s2" type="conc" unit="u1" index="3" isCalculated="False"/>
            </enzymeml:format>
            <enzymeml:format id="format15">
              <enzymeml:column type="time" unit="u4" index="0"/>
              <enzymeml:column replica="p3ga" species="s0" type="conc" unit="u1" index="1" isCalculated="False"/>
              <enzymeml:column replica="p2ga" species="s1" type="conc" unit="u1" index="2" isCalculated="False"/>
              <enzymeml:column replica="PEP" species="s2" type="conc" unit="u1" index="3" isCalculated="False"/>
            </enzymeml:format>
            <enzymeml:format id="format16">
              <enzymeml:column type="time" unit="u4" index="0"/>
              <enzymeml:column replica="p3ga" species="s0" type="conc" unit="u1" index="1" isCalculated="False"/>
              <enzymeml:column replica="p2ga" species="s1" type="conc" unit="u1" index="2" isCalculated="False"/>
              <enzymeml:column replica="PEP" species="s2" type="conc" unit="u1" index="3" isCalculated="False"/>
            </enzymeml:format>
            <enzymeml:format id="format17">
              <enzymeml:column type="time" unit="u4" index="0"/>
              <enzymeml:column replica="p3ga" species="s0" type="conc" unit="u1" index="1" isCalculated="False"/>
              <enzymeml:column replica="p2ga" species="s1" type="conc" unit="u1" index="2" isCalculated="False"/>
              <enzymeml:column replica="PEP" species="s2" type="conc" unit="u1" index="3" isCalculated="False"/>
            </enzymeml:format>
            <enzymeml:format id="format18">
              <enzymeml:column type="time" unit="u4" index="0"/>
              <enzymeml:column replica="p3ga" species="s0" type="conc" unit="u1" index="1" isCalculated="False"/>
              <enzymeml:column replica="p2ga" species="s1" type="conc" unit="u1" index="2" isCalculated="False"/>
              <enzymeml:column replica="PEP" species="s2" type="conc" unit="u1" index="3" isCalculated="False"/>
            </enzymeml:format>
            <enzymeml:format id="format19">
              <enzymeml:column type="time" unit="u4" index="0"/>
              <enzymeml:column replica="p3ga" species="s0" type="conc" unit="u1" index="1" isCalculated="False"/>
              <enzymeml:column replica="p2ga" species="s1" type="conc" unit="u1" index="2" isCalculated="False"/>
              <enzymeml:column replica="PEP" species="s2" type="conc" unit="u1" index="3" isCalculated="False"/>
            </enzymeml:format>
            <enzymeml:format id="format20">
              <enzymeml:column type="time" unit="u4" index="0"/>
              <enzymeml:column replica="p3ga" species="s0" type="conc" unit="u1" index="1" isCalculated="False"/>
              <enzymeml:column replica="p2ga" species="s1" type="conc" unit="u1" index="2" isCalculated="False"/>
              <enzymeml:column replica="PEP" species="s2" type="conc" unit="u1" index="3" isCalculated="False"/>
            </enzymeml:format>
          </enzymeml:formats>
          <enzymeml:listOfMeasurements>
            <enzymeml:measurement file="file0" id="m0" name="nmr_10mm3pga_10lys_stdpH7_scerev_18082" temperature_unit="u3" temperature_value="25.0" ph="7.0">
              <enzymeml:initConc protein="p0" value="0.199" unit="u2"/>
              <enzymeml:initConc reactant="s0" value="8.906320330754877" unit="u1"/>
              <enzymeml:initConc reactant="s1" value="1e-10" unit="u1"/>
              <enzymeml:initConc reactant="s2" value="1e-10" unit="u1"/>
            </enzymeml:measurement>
            <enzymeml:measurement file="file1" id="m1" name="nmr_10mmPEP4mm3pga_10lys_stdpH7_scerev_25082" temperature_unit="u3" temperature_value="25.0" ph="7.0">
              <enzymeml:initConc protein="p0" value="0.889" unit="u2"/>
              <enzymeml:initConc reactant="s0" value="3.9786725015806583" unit="u1"/>
              <enzymeml:initConc reactant="s1" value="1e-10" unit="u1"/>
              <enzymeml:initConc reactant="s2" value="13.107399391768546" unit="u1"/>
            </enzymeml:measurement>
            <enzymeml:measurement file="file2" id="m2" name="nmr_10mmPEP_10lys_stdpH7_scerev_19082" temperature_unit="u3" temperature_value="25.0" ph="7.0">
              <enzymeml:initConc protein="p0" value="0.199" unit="u2"/>
              <enzymeml:initConc reactant="s0" value="1e-10" unit="u1"/>
              <enzymeml:initConc reactant="s1" value="1e-10" unit="u1"/>
              <enzymeml:initConc reactant="s2" value="9.5" unit="u1"/>
            </enzymeml:measurement>
            <enzymeml:measurement file="file3" id="m3" name="nmr_10mmPEP_10lys_stdpH7_scerev_22082" temperature_unit="u3" temperature_value="25.0" ph="7.0">
              <enzymeml:initConc protein="p0" value="0.889" unit="u2"/>
              <enzymeml:initConc reactant="s0" value="1e-10" unit="u1"/>
              <enzymeml:initConc reactant="s1" value="1e-10" unit="u1"/>
              <enzymeml:initConc reactant="s2" value="11.32565026274731" unit="u1"/>
            </enzymeml:measurement>
            <enzymeml:measurement file="file4" id="m4" name="nmr_10mmPGA4mm2pep_10lys_stdpH7_scerev_26082" temperature_unit="u3" temperature_value="25.0" ph="7.0">
              <enzymeml:initConc protein="p0" value="0.889" unit="u2"/>
              <enzymeml:initConc reactant="s0" value="17.35267970809975" unit="u1"/>
              <enzymeml:initConc reactant="s1" value="0.0" unit="u1"/>
              <enzymeml:initConc reactant="s2" value="2.740751143320211" unit="u1"/>
            </enzymeml:measurement>
            <enzymeml:measurement file="file5" id="m5" name="nmr_12.5mm3pga_10lys_stdpH7_scerev_18082" temperature_unit="u3" temperature_value="25.0" ph="7.0">
              <enzymeml:initConc protein="p0" value="0.213" unit="u2"/>
              <enzymeml:initConc reactant="s0" value="10.269560198310884" unit="u1"/>
              <enzymeml:initConc reactant="s1" value="1e-10" unit="u1"/>
              <enzymeml:initConc reactant="s2" value="1e-10" unit="u1"/>
            </enzymeml:measurement>
            <enzymeml:measurement file="file6" id="m6" name="nmr_12.5mmPEP_10lys_stdpH7_scerev_19082" temperature_unit="u3" temperature_value="25.0" ph="7.0">
              <enzymeml:initConc protein="p0" value="0.199" unit="u2"/>
              <enzymeml:initConc reactant="s0" value="1e-10" unit="u1"/>
              <enzymeml:initConc reactant="s1" value="1e-10" unit="u1"/>
              <enzymeml:initConc reactant="s2" value="11.0" unit="u1"/>
            </enzymeml:measurement>
            <enzymeml:measurement file="file7" id="m7" name="nmr_12.5mmPEP_10lys_stdpH7_scerev_22082" temperature_unit="u3" temperature_value="25.0" ph="7.0">
              <enzymeml:initConc protein="p0" value="0.889" unit="u2"/>
              <enzymeml:initConc reactant="s0" value="1e-10" unit="u1"/>
              <enzymeml:initConc reactant="s1" value="1e-10" unit="u1"/>
              <enzymeml:initConc reactant="s2" value="9.839145829634369" unit="u1"/>
            </enzymeml:measurement>
            <enzymeml:measurement file="file8" id="m8" name="nmr_15mm3pga_10lys_stdpH7_scerev_18082" temperature_unit="u3" temperature_value="25.0" ph="7.0">
              <enzymeml:initConc protein="p0" value="0.213" unit="u2"/>
              <enzymeml:initConc reactant="s0" value="12.904705388558718" unit="u1"/>
              <enzymeml:initConc reactant="s1" value="1e-10" unit="u1"/>
              <enzymeml:initConc reactant="s2" value="1e-10" unit="u1"/>
            </enzymeml:measurement>
            <enzymeml:measurement file="file9" id="m9" name="nmr_15mmPEP_10lys_stdpH7_scerev_19082" temperature_unit="u3" temperature_value="25.0" ph="7.0">
              <enzymeml:initConc protein="p0" value="0.199" unit="u2"/>
              <enzymeml:initConc reactant="s0" value="1e-10" unit="u1"/>
              <enzymeml:initConc reactant="s1" value="1e-10" unit="u1"/>
              <enzymeml:initConc reactant="s2" value="14.568277525636777" unit="u1"/>
            </enzymeml:measurement>
            <enzymeml:measurement file="file10" id="m10" name="nmr_15mmPEP_10lys_stdpH7_scerev_22082" temperature_unit="u3" temperature_value="25.0" ph="7.0">
              <enzymeml:initConc protein="p0" value="0.889" unit="u2"/>
              <enzymeml:initConc reactant="s0" value="1e-10" unit="u1"/>
              <enzymeml:initConc reactant="s1" value="1e-10" unit="u1"/>
              <enzymeml:initConc reactant="s2" value="15.33074985029236" unit="u1"/>
            </enzymeml:measurement>
            <enzymeml:measurement file="file11" id="m11" name="nmr_17.5mm3pga_10lys_stdpH7_scerev_18082" temperature_unit="u3" temperature_value="25.0" ph="7.0">
              <enzymeml:initConc protein="p0" value="0.213" unit="u2"/>
              <enzymeml:initConc reactant="s0" value="15.951359847118823" unit="u1"/>
              <enzymeml:initConc reactant="s1" value="1e-10" unit="u1"/>
              <enzymeml:initConc reactant="s2" value="1e-10" unit="u1"/>
            </enzymeml:measurement>
            <enzymeml:measurement file="file12" id="m12" name="nmr_17.5mmPEP_10lys_stdpH7_scerev_19082" temperature_unit="u3" temperature_value="25.0" ph="7.0">
              <enzymeml:initConc protein="p0" value="0.199" unit="u2"/>
              <enzymeml:initConc reactant="s0" value="1e-10" unit="u1"/>
              <enzymeml:initConc reactant="s1" value="1e-10" unit="u1"/>
              <enzymeml:initConc reactant="s2" value="15.981747139881158" unit="u1"/>
            </enzymeml:measurement>
            <enzymeml:measurement file="file13" id="m13" name="nmr_17.5mmPEP_10lys_stdpH7_scerev_22082" temperature_unit="u3" temperature_value="25.0" ph="7.0">
              <enzymeml:initConc protein="p0" value="0.889" unit="u2"/>
              <enzymeml:initConc reactant="s0" value="1e-10" unit="u1"/>
              <enzymeml:initConc reactant="s1" value="1e-10" unit="u1"/>
              <enzymeml:initConc reactant="s2" value="18.18289371821934" unit="u1"/>
            </enzymeml:measurement>
            <enzymeml:measurement file="file14" id="m14" name="nmr_19mm3pga_10lys_stdpH7_scerev_18082" temperature_unit="u3" temperature_value="25.0" ph="7.0">
              <enzymeml:initConc protein="p0" value="0.213" unit="u2"/>
              <enzymeml:initConc reactant="s0" value="17.202716858227014" unit="u1"/>
              <enzymeml:initConc reactant="s1" value="1e-10" unit="u1"/>
              <enzymeml:initConc reactant="s2" value="1e-10" unit="u1"/>
            </enzymeml:measurement>
            <enzymeml:measurement file="file15" id="m15" name="nmr_20mm3pga_10lys_stdpH7_scerev_180821_to_p" temperature_unit="u3" temperature_value="25.0" ph="7.0">
              <enzymeml:initConc protein="p0" value="0.213" unit="u2"/>
              <enzymeml:initConc reactant="s0" value="16.526975159281463" unit="u1"/>
              <enzymeml:initConc reactant="s1" value="1e-10" unit="u1"/>
              <enzymeml:initConc reactant="s2" value="1e-10" unit="u1"/>
            </enzymeml:measurement>
            <enzymeml:measurement file="file16" id="m16" name="nmr_20mmP3GA_10lys_stdpH7_scerev_25112" temperature_unit="u3" temperature_value="25.0" ph="7.0">
              <enzymeml:initConc protein="p0" value="1.09" unit="u2"/>
              <enzymeml:initConc reactant="s0" value="12.489469157082524" unit="u1"/>
              <enzymeml:initConc reactant="s1" value="1e-10" unit="u1"/>
              <enzymeml:initConc reactant="s2" value="1e-10" unit="u1"/>
            </enzymeml:measurement>
            <enzymeml:measurement file="file17" id="m17" name="nmr_20mmPEP_10lys_stdpH7_scerev_19082" temperature_unit="u3" temperature_value="25.0" ph="7.0">
              <enzymeml:initConc protein="p0" value="0.199" unit="u2"/>
              <enzymeml:initConc reactant="s0" value="1e-10" unit="u1"/>
              <enzymeml:initConc reactant="s1" value="1e-10" unit="u1"/>
              <enzymeml:initConc reactant="s2" value="18.7406865257272" unit="u1"/>
            </enzymeml:measurement>
            <enzymeml:measurement file="file18" id="m18" name="nmr_20mmPEP_10lys_stdpH7_scerev_22082" temperature_unit="u3" temperature_value="25.0" ph="7.0">
              <enzymeml:initConc protein="p0" value="0.889" unit="u2"/>
              <enzymeml:initConc reactant="s0" value="1e-10" unit="u1"/>
              <enzymeml:initConc reactant="s1" value="1e-10" unit="u1"/>
              <enzymeml:initConc reactant="s2" value="22.0" unit="u1"/>
            </enzymeml:measurement>
            <enzymeml:measurement file="file19" id="m19" name="nmr_25mmPEP_10lys_stdpH7_scerev_251121_t" temperature_unit="u3" temperature_value="25.0" ph="7.0">
              <enzymeml:initConc protein="p0" value="1.09" unit="u2"/>
              <enzymeml:initConc reactant="s0" value="1e-10" unit="u1"/>
              <enzymeml:initConc reactant="s1" value="1e-10" unit="u1"/>
              <enzymeml:initConc reactant="s2" value="18.2" unit="u1"/>
            </enzymeml:measurement>
            <enzymeml:measurement file="file20" id="m20" name="nmr_6mmP3GA_10lys_stdpH7_scerev_25112" temperature_unit="u3" temperature_value="25.0" ph="7.0">
              <enzymeml:initConc protein="p0" value="1.09" unit="u2"/>
              <enzymeml:initConc reactant="s0" value="6.246840770348724" unit="u1"/>
              <enzymeml:initConc reactant="s1" value="1e-10" unit="u1"/>
              <enzymeml:initConc reactant="s2" value="1e-10" unit="u1"/>
            </enzymeml:measurement>
          </enzymeml:listOfMeasurements>
          <enzymeml:files>
            <enzymeml:file file="./data/m0.csv" format="format0" id="file0"/>
            <enzymeml:file file="./data/m1.csv" format="format1" id="file1"/>
            <enzymeml:file file="./data/m2.csv" format="format2" id="file2"/>
            <enzymeml:file file="./data/m3.csv" format="format3" id="file3"/>
            <enzymeml:file file="./data/m4.csv" format="format4" id="file4"/>
            <enzymeml:file file="./data/m5.csv" format="format5" id="file5"/>
            <enzymeml:file file="./data/m6.csv" format="format6" id="file6"/>
            <enzymeml:file file="./data/m7.csv" format="format7" id="file7"/>
            <enzymeml:file file="./data/m8.csv" format="format8" id="file8"/>
            <enzymeml:file file="./data/m9.csv" format="format9" id="file9"/>
            <enzymeml:file file="./data/m10.csv" format="format10" id="file10"/>
            <enzymeml:file file="./data/m11.csv" format="format11" id="file11"/>
            <enzymeml:file file="./data/m12.csv" format="format12" id="file12"/>
            <enzymeml:file file="./data/m13.csv" format="format13" id="file13"/>
            <enzymeml:file file="./data/m14.csv" format="format14" id="file14"/>
            <enzymeml:file file="./data/m15.csv" format="format15" id="file15"/>
            <enzymeml:file file="./data/m16.csv" format="format16" id="file16"/>
            <enzymeml:file file="./data/m17.csv" format="format17" id="file17"/>
            <enzymeml:file file="./data/m18.csv" format="format18" id="file18"/>
            <enzymeml:file file="./data/m19.csv" format="format19" id="file19"/>
            <enzymeml:file file="./data/m20.csv" format="format20" id="file20"/>
          </enzymeml:files>
        </enzymeml:data>
      </annotation>
      <reaction metaid="METAID_R0" sboTerm="SBO:0000176" id="r0" name="Phosphoglyerate mutase" reversible="true">
        <annotation>
          <enzymeml:reaction xmlns:enzymeml="http://sbml.org/enzymeml/version2">
            <enzymeml:conditions>
              <enzymeml:temperature value="298.15" unit="u3"/>
              <enzymeml:ph value="7.0"/>
            </enzymeml:conditions>
          </enzymeml:reaction>
        </annotation>
        <listOfReactants>
          <speciesReference sboTerm="SBO:0000015" species="s0" stoichiometry="1" constant="false"/>
        </listOfReactants>
        <listOfProducts>
          <speciesReference sboTerm="SBO:0000011" species="s1" stoichiometry="1" constant="false"/>
        </listOfProducts>
        <listOfModifiers>
          <modifierSpeciesReference sboTerm="SBO:0000013" species="p0"/>
        </listOfModifiers>
      </reaction>
      <reaction metaid="METAID_R1" sboTerm="SBO:0000176" id="r1" name="Enolase" reversible="true">
        <annotation>
          <enzymeml:reaction xmlns:enzymeml="http://sbml.org/enzymeml/version2">
            <enzymeml:conditions>
              <enzymeml:temperature value="298.15" unit="u3"/>
              <enzymeml:ph value="7.0"/>
            </enzymeml:conditions>
          </enzymeml:reaction>
        </annotation>
        <listOfReactants>
          <speciesReference sboTerm="SBO:0000015" species="s1" stoichiometry="1" constant="false"/>
        </listOfReactants>
        <listOfProducts>
          <speciesReference sboTerm="SBO:0000011" species="s2" stoichiometry="1" constant="false"/>
        </listOfProducts>
        <listOfModifiers>
          <modifierSpeciesReference sboTerm="SBO:0000013" species="p0"/>
        </listOfModifiers>
      </reaction>
    </listOfReactions>
  </model>
</sbml>
