<?xml version="1.0" encoding="UTF-8"?>
<omexManifest xmlns="http://identifiers.org/combine.specifications/omex-manifest">
  <content location="./experiment.xml" format="http://identifiers.org/combine.specifications/sbml" master="true"/>
  <content location="./history.log" format="http://purl.org/NET/mediatypes/text/plain" master="false"/>
  <content location="./data/m0.csv" format="http://purl.org/NET/mediatypes/text/csv" master="false"/>
  <content location="./data/m1.csv" format="http://purl.org/NET/mediatypes/text/csv" master="false"/>
  <content location="./data/m2.csv" format="http://purl.org/NET/mediatypes/text/csv" master="false"/>
  <content location="./data/m3.csv" format="http://purl.org/NET/mediatypes/text/csv" master="false"/>
  <content location="./data/m4.csv" format="http://purl.org/NET/mediatypes/text/csv" master="false"/>
  <content location="./data/m5.csv" format="http://purl.org/NET/mediatypes/text/csv" master="false"/>
  <content location="./data/m6.csv" format="http://purl.org/NET/mediatypes/text/csv" master="false"/>
  <content location="./data/m7.csv" format="http://purl.org/NET/mediatypes/text/csv" master="false"/>
  <content location="./data/m8.csv" format="http://purl.org/NET/mediatypes/text/csv" master="false"/>
  <content location="./data/m9.csv" format="http://purl.org/NET/mediatypes/text/csv" master="false"/>
  <content location="./data/m10.csv" format="http://purl.org/NET/mediatypes/text/csv" master="false"/>
  <content location="./data/m11.csv" format="http://purl.org/NET/mediatypes/text/csv" master="false"/>
  <content location="./data/m12.csv" format="http://purl.org/NET/mediatypes/text/csv" master="false"/>
  <content location="./data/m13.csv" format="http://purl.org/NET/mediatypes/text/csv" master="false"/>
  <content location="./data/m14.csv" format="http://purl.org/NET/mediatypes/text/csv" master="false"/>
  <content location="metadata.rdf" format="http://identifiers.org/combine.specifications/omex-metadata" master="false"/>
  <content location="metadata_1.rdf" format="http://identifiers.org/combine.specifications/omex-metadata" master="false"/>
  <content location="metadata_2.rdf" format="http://identifiers.org/combine.specifications/omex-metadata" master="false"/>
  <content location="metadata_3.rdf" format="http://identifiers.org/combine.specifications/omex-metadata" master="false"/>
  <content location="metadata_4.rdf" format="http://identifiers.org/combine.specifications/omex-metadata" master="false"/>
  <content location="metadata_5.rdf" format="http://identifiers.org/combine.specifications/omex-metadata" master="false"/>
  <content location="metadata_6.rdf" format="http://identifiers.org/combine.specifications/omex-metadata" master="false"/>
  <content location="metadata_7.rdf" format="http://identifiers.org/combine.specifications/omex-metadata" master="false"/>
  <content location="metadata_8.rdf" format="http://identifiers.org/combine.specifications/omex-metadata" master="false"/>
  <content location="metadata_9.rdf" format="http://identifiers.org/combine.specifications/omex-metadata" master="false"/>
  <content location="metadata_10.rdf" format="http://identifiers.org/combine.specifications/omex-metadata" master="false"/>
  <content location="metadata_11.rdf" format="http://identifiers.org/combine.specifications/omex-metadata" master="false"/>
  <content location="metadata_12.rdf" format="http://identifiers.org/combine.specifications/omex-metadata" master="false"/>
  <content location="metadata_13.rdf" format="http://identifiers.org/combine.specifications/omex-metadata" master="false"/>
  <content location="metadata_14.rdf" format="http://identifiers.org/combine.specifications/omex-metadata" master="false"/>
  <content location="metadata_15.rdf" format="http://identifiers.org/combine.specifications/omex-metadata" master="false"/>
  <content location="metadata_16.rdf" format="http://identifiers.org/combine.specifications/omex-metadata" master="false"/>
  <content location="metadata_17.rdf" format="http://identifiers.org/combine.specifications/omex-metadata" master="false"/>
</omexManifest>
