<?xml version="1.0" encoding="UTF-8"?>
<sbml xmlns="http://www.sbml.org/sbml/level3/version2/core" level="3" version="2">
  <model name="PGM-ENO Baseline Ecoli">
    <listOfUnitDefinitions>
      <unitDefinition metaid="METAID_U0" id="u0" name="ml">
        <listOfUnits>
          <unit kind="litre" exponent="1" scale="-3" multiplier="1"/>
        </listOfUnits>
      </unitDefinition>
      <unitDefinition metaid="METAID_U1" id="u1" name="mmole / l">
        <listOfUnits>
          <unit kind="litre" exponent="-1" scale="1" multiplier="1"/>
          <unit kind="mole" exponent="1" scale="-3" multiplier="1"/>
        </listOfUnits>
      </unitDefinition>
      <unitDefinition metaid="METAID_U2" id="u2" name="mg / ml">
        <listOfUnits>
          <unit kind="gram" exponent="1" scale="-3" multiplier="1"/>
          <unit kind="litre" exponent="-1" scale="-3" multiplier="1"/>
        </listOfUnits>
      </unitDefinition>
      <unitDefinition metaid="METAID_U3" id="u3" name="K">
        <listOfUnits>
          <unit kind="kelvin" exponent="1" scale="1" multiplier="1"/>
        </listOfUnits>
      </unitDefinition>
    </listOfUnitDefinitions>
    <listOfCompartments>
      <compartment id="v0" name="NMRtube" spatialDimensions="3" size="1" units="u0" constant="true"/>
    </listOfCompartments>
    <listOfSpecies>
      <species metaid="METAID_P0" sboTerm="SBO:0000252" id="p0" name="Total lysate protein" compartment="v0" initialConcentration="0.1418" substanceUnits="u2" hasOnlySubstanceUnits="false" boundaryCondition="false" constant="true">
        <annotation>
          <enzymeml:protein xmlns:enzymeml="http://sbml.org/enzymeml/version2">
            <enzymeml:sequence>UNKNOWN</enzymeml:sequence>
            <enzymeml:organism>Escherichia coli</enzymeml:organism>
          </enzymeml:protein>
        </annotation>
      </species>
      <species metaid="METAID_S0" sboTerm="SBO:0000247" id="s0" name="3-phosphoglycerate" compartment="v0" initialConcentration="10" substanceUnits="u1" hasOnlySubstanceUnits="false" boundaryCondition="false" constant="false">
        <annotation>
          <enzymeml:reactant xmlns:enzymeml="http://sbml.org/enzymeml/version2">
            <enzymeml:smiles>C(C(C(=O)O)O)OP(=O)(O)O</enzymeml:smiles>
            <enzymeml:chebiID>CHEBI:132960</enzymeml:chebiID>
          </enzymeml:reactant>
        </annotation>
      </species>
      <species metaid="METAID_S1" sboTerm="SBO:0000247" id="s1" name="2-phosphoglycerate" compartment="v0" initialConcentration="0.0001" substanceUnits="u1" hasOnlySubstanceUnits="false" boundaryCondition="false" constant="false">
        <annotation>
          <enzymeml:reactant xmlns:enzymeml="http://sbml.org/enzymeml/version2">
            <enzymeml:smiles>C(C(C(=O)O)OP(=O)(O)O)O</enzymeml:smiles>
            <enzymeml:chebiID>CHEBI:88350</enzymeml:chebiID>
          </enzymeml:reactant>
        </annotation>
      </species>
      <species metaid="METAID_S2" sboTerm="SBO:0000247" id="s2" name="phosphoenolpyruvate" compartment="v0" initialConcentration="0.0001" substanceUnits="u1" hasOnlySubstanceUnits="false" boundaryCondition="false" constant="false">
        <annotation>
          <enzymeml:reactant xmlns:enzymeml="http://sbml.org/enzymeml/version2">
            <enzymeml:smiles>C=C(C(=O)O)OP(=O)(O)O</enzymeml:smiles>
            <enzymeml:chebiID>CHEBI:18021</enzymeml:chebiID>
          </enzymeml:reactant>
        </annotation>
      </species>
    </listOfSpecies>
    <listOfReactions>
      <reaction metaid="METAID_R0" sboTerm="SBO:0000176" id="r0" name="Phosphoglyerate mutase" reversible="true">
        <annotation>
          <enzymeml:reaction xmlns:enzymeml="http://sbml.org/enzymeml/version2">
            <enzymeml:conditions>
              <enzymeml:temperature value="298.15" unit="u3"/>
              <enzymeml:ph value="7.0"/>
            </enzymeml:conditions>
          </enzymeml:reaction>
        </annotation>
        <listOfReactants>
          <speciesReference sboTerm="SBO:0000015" species="s0" stoichiometry="1" constant="false"/>
        </listOfReactants>
        <listOfProducts>
          <speciesReference sboTerm="SBO:0000011" species="s1" stoichiometry="1" constant="false"/>
        </listOfProducts>
        <listOfModifiers>
          <modifierSpeciesReference sboTerm="SBO:0000013" species="p0"/>
        </listOfModifiers>
      </reaction>
      <reaction metaid="METAID_R1" sboTerm="SBO:0000176" id="r1" name="Enolase" reversible="true">
        <annotation>
          <enzymeml:reaction xmlns:enzymeml="http://sbml.org/enzymeml/version2">
            <enzymeml:conditions>
              <enzymeml:temperature value="298.15" unit="u3"/>
              <enzymeml:ph value="7.0"/>
            </enzymeml:conditions>
          </enzymeml:reaction>
        </annotation>
        <listOfReactants>
          <speciesReference sboTerm="SBO:0000015" species="s1" stoichiometry="1" constant="false"/>
        </listOfReactants>
        <listOfProducts>
          <speciesReference sboTerm="SBO:0000011" species="s2" stoichiometry="1" constant="false"/>
        </listOfProducts>
        <listOfModifiers>
          <modifierSpeciesReference sboTerm="SBO:0000013" species="p0"/>
        </listOfModifiers>
      </reaction>
    </listOfReactions>
  </model>
</sbml>
